COUNTY NUMBER,PRECINCT CODE,PRECINCT NAME,BALLOTS CAST - REPUBLICAN,Republican for U.S. House District 4,Republican for U.S. House District 4,Republican for U.S. House District 4,Republican for U.S. House District 4,Republican for Governor and Lieutenant Governor,Republican for Governor and Lieutenant Governor,Republican for Governor and Lieutenant Governor,Republican for Governor and Lieutenant Governor,Republican for Attorney General,Republican for Attorney General,Republican for State Senate District 16,Republican for State Senate District 16,Republican for State House District 61,Republican for State House District 61,Republican for State House District 66,Republican for State House District 66,Republican for State House District 56,Republican for State House District 56,Republican for State House District 48,Republican for State House District 48,Republican for County Recorder,Republican for County Recorder,Republican for County Commission Seat C,Republican for County Commission Seat C,Republican for State School Board District 13,Republican for State School Board District 13,
,,,REP,REP,REP,REP,REP,REP,REP,REP,REP,REP,REP,REP,REP,REP,REP,REP,REP,REP,REP,REP,REP,REP,REP,REP,REP,REP,REP,
,,,BALLOTS CAST,BURGESS OWENS,KIM COLEMAN,TRENT CHRISTENSEN,"JAY ""JAYMAC"" MCFARLAND","THOMAS E. WRIGHT, ROB BISHOP","SPENCER J. COX, DEIDRE M. HENDERSON","JON HUNTSMAN JR., MICHELLE KAUFUSI","GREG HUGHES, VICTOR IVERSON",SEAN D. REYES,DAVID O. LEAVITT,CURT BRAMBLE,SYLVIA ANDREW,MARSHA JUDKINS,KENNETH GROVER,JEFFERSON S. BURTON,KARI L. MALKOVICH,MERRILEE BOYACK,KAY J. CHRISTOFFERSON,DAVID R. SHALLENBERGER,KEVEN J. STRATTON,ANDREA ALLEN,BRIAN VOEKS,TOM SAKIEVICH,R NATHAN IVIE,ALYSON WILLIAMS,RANDY BOOTHE,
25,0001,AF01,828,0,0,0,0,70,365,241,148,425,383,0,0,0,0,0,0,0,0,0,0,443,331,445,330,0,0,
25,0002,AF01S,0,0,0,0,0,0,0,0,0,0,0,0,0,0,0,0,0,0,0,0,0,0,0,0,0,0,0,
25,0003,AF02,281,0,0,0,0,19,112,90,60,149,126,0,0,0,0,0,0,139,133,0,0,137,119,147,109,0,0,
25,0004,AF03,472,0,0,0,0,25,236,120,90,237,215,0,0,0,0,0,0,217,241,0,0,242,196,273,172,0,0,
25,0005,AF04,359,0,0,0,0,32,139,102,82,192,155,0,0,0,0,0,0,136,208,0,0,184,150,186,148,0,0,
25,0006,AF05,389,0,0,0,0,20,181,112,73,227,158,0,0,0,0,0,0,167,216,0,0,220,146,207,156,0,0,
25,0007,AF06,606,0,0,0,0,35,284,146,138,350,228,0,0,0,0,0,0,281,296,0,0,303,256,339,214,0,0,
25,0008,AF06S,106,0,0,0,0,1,45,17,43,51,49,0,0,0,0,0,0,56,48,0,0,54,41,81,16,0,0,
25,0009,AF07,644,0,0,0,0,40,308,179,111,356,277,0,0,0,0,0,0,250,379,0,0,335,280,363,250,0,0,
25,0010,AF08,601,0,0,0,0,25,272,170,131,333,246,0,0,0,0,0,0,275,304,0,0,304,255,321,232,0,0,
25,0011,AF09,439,0,0,0,0,39,208,119,70,194,223,0,0,0,0,0,0,172,250,0,0,213,179,185,203,0,0,
25,0012,AF10,688,0,0,0,0,38,329,209,103,381,282,0,0,0,0,0,0,0,0,0,0,353,254,359,254,0,0,
25,0013,AF10S,56,0,0,0,0,3,26,19,8,29,25,0,0,0,0,0,0,0,0,0,0,28,22,20,29,0,0,
25,0014,AF11,347,0,0,0,0,28,161,91,67,188,149,0,0,0,0,0,0,153,181,0,0,172,150,192,130,0,0,
25,0015,AF12,342,0,0,0,0,28,128,110,74,159,177,0,0,0,0,0,0,167,164,0,0,171,147,196,124,0,0,
25,0016,AF13,336,121,112,34,60,31,125,93,86,168,168,0,0,0,0,0,0,194,135,0,0,149,176,223,105,0,0,
25,0017,AF14,30,13,7,4,6,4,10,7,9,18,12,0,0,0,0,0,0,0,0,0,0,19,11,15,15,0,0,
25,0018,AL01,487,0,0,0,0,20,194,173,99,224,249,0,0,0,0,0,0,0,0,0,0,234,208,252,187,0,0,
25,0019,AL02,548,0,0,0,0,27,226,186,104,292,242,0,0,0,0,0,0,0,0,0,0,269,225,329,171,0,0,
25,0020,AL03,606,0,0,0,0,31,249,195,127,283,288,0,0,0,0,0,0,0,0,0,0,271,255,348,181,0,0,
25,0021,AL04,565,0,0,0,0,22,276,166,100,283,266,0,0,0,0,0,0,0,0,0,0,259,252,309,200,0,0,
25,0022,AL05,452,0,0,0,0,11,217,116,107,188,243,0,0,0,0,0,0,0,0,0,0,198,211,284,133,0,0,
25,0023,AL06,482,0,0,0,0,29,197,146,109,250,220,0,0,0,0,0,0,0,0,0,0,202,241,263,184,0,0,
25,0024,CF01,90,44,20,6,15,11,36,24,17,50,40,0,0,0,0,0,0,0,0,0,0,71,19,57,31,0,0,
25,0025,CH01,340,0,0,0,0,11,164,79,84,191,139,0,0,0,0,0,0,0,0,0,0,176,130,186,127,0,0,
25,0026,CH02,530,0,0,0,0,20,307,100,100,313,200,0,0,0,0,0,0,0,0,0,0,290,192,249,235,0,0,
25,0027,CH03,454,0,0,0,0,22,193,129,110,232,196,0,0,0,0,0,0,0,0,0,0,213,197,262,149,0,0,
25,0028,CH04,550,0,0,0,0,29,271,158,91,299,227,0,0,0,0,0,0,0,0,0,0,261,232,282,212,0,0,
25,0029,CH05,523,0,0,0,0,32,238,156,95,306,198,0,0,0,0,0,0,0,0,0,0,270,202,281,195,0,0,
25,0030,DR01,468,0,0,0,0,13,162,199,94,246,195,0,0,0,0,0,0,0,0,0,0,241,166,248,153,0,0,
25,0031,EM01,507,221,112,41,110,40,168,151,143,305,179,0,0,0,0,0,0,0,0,0,0,267,199,335,135,0,0,
25,0032,EM02,556,226,141,51,116,53,203,144,152,308,238,0,0,0,0,0,0,0,0,0,0,268,254,340,178,0,0,
25,0033,EM03,589,265,124,49,139,64,197,170,158,340,235,0,0,0,0,0,0,0,0,0,0,289,263,373,170,0,0,
25,0034,EM04,434,166,129,44,82,35,151,105,143,242,180,0,0,0,0,0,0,0,0,0,0,209,203,294,111,0,0,
25,0035,EM05,443,200,115,36,71,34,152,144,109,257,167,0,0,0,0,0,0,0,0,0,0,235,176,292,118,0,0,
25,0036,EM06,577,223,144,68,112,50,227,152,144,314,244,0,0,0,0,0,0,0,0,0,0,285,238,362,165,0,0,
25,0037,EM07,578,272,131,59,86,39,181,149,205,344,211,0,0,0,0,0,0,0,0,0,0,282,238,315,207,0,0,
25,0038,EM08,655,260,154,77,142,48,224,199,179,381,258,0,0,0,0,0,0,0,0,0,0,293,322,405,199,0,0,
25,0039,EM09,68,25,17,7,19,12,18,15,22,30,37,0,0,0,0,0,0,0,0,0,0,31,35,44,20,0,0,
25,0040,ER01,667,0,0,0,0,46,331,128,162,351,284,0,0,0,0,0,0,0,0,0,0,329,279,352,253,0,0,
25,0041,ER01S,17,0,0,0,0,0,5,8,4,10,7,0,0,0,0,12,5,0,0,0,0,11,6,5,12,0,0,
25,0042,ER02,336,0,0,0,0,32,158,77,69,176,147,0,0,0,0,0,0,0,0,0,0,154,155,204,109,0,0,
25,0043,FF01,37,15,4,10,6,6,11,13,7,20,16,0,0,0,0,0,0,0,0,0,0,29,6,20,15,0,0,
25,0044,GE01,321,143,88,31,48,31,158,47,84,147,165,0,0,0,0,0,0,0,0,0,0,169,119,177,114,0,0,
25,0045,GO01,49,26,5,7,11,2,16,12,19,36,12,0,0,0,0,0,0,0,0,0,0,32,14,24,23,0,0,
25,0046,GO02,66,30,22,2,12,7,23,15,21,33,33,0,0,0,0,0,0,0,0,0,0,40,23,36,26,0,0,
25,0047,HI01,517,0,0,0,0,31,251,158,77,267,231,0,0,0,0,0,0,0,0,0,0,258,213,287,178,0,0,
25,0048,HI02,532,0,0,0,0,32,223,175,100,298,221,0,0,0,0,0,0,0,0,0,0,246,249,341,152,0,0,
25,0049,HI03,458,0,0,0,0,32,249,96,80,235,211,0,0,0,0,0,0,0,0,0,0,231,174,256,155,0,0,
25,0050,HI04,489,0,0,0,0,32,232,115,107,240,225,0,0,0,0,0,0,0,0,0,0,223,211,299,134,0,0,
25,0051,HI05,519,0,0,0,0,24,242,139,114,255,242,0,0,0,0,0,0,0,0,0,0,237,225,309,157,0,0,
25,0052,HI06,531,0,0,0,0,43,229,146,112,287,233,0,0,0,0,0,0,0,0,0,0,256,245,319,182,0,0,
25,0053,HI07,556,0,0,0,0,27,284,127,114,233,313,0,0,0,0,0,0,0,0,0,0,237,299,374,158,0,0,
25,0054,HI08,607,0,0,0,0,32,225,211,137,358,220,0,0,0,0,0,0,0,0,0,0,276,262,330,211,0,0,
25,0055,HI09,631,0,0,0,0,55,246,179,146,268,335,0,0,0,0,0,0,0,0,0,0,301,266,397,183,0,0,
25,0056,HI10,138,0,0,0,0,21,51,36,30,77,52,0,0,0,0,0,0,83,46,0,0,52,69,66,54,0,0,
25,0057,LE01,398,155,96,49,76,52,151,110,84,233,152,0,0,0,0,0,0,0,0,0,0,226,147,222,146,0,0,
25,0058,LE01S,0,0,0,0,0,0,0,0,0,0,0,0,0,0,0,0,0,0,0,0,0,0,0,0,0,0,0,
25,0059,LE02,359,163,73,44,70,31,138,102,88,217,133,0,0,0,0,0,0,0,0,0,0,209,136,185,155,0,0,
25,0060,LE03,520,0,0,0,0,39,233,158,86,280,227,0,0,0,0,0,0,112,402,0,0,271,207,269,209,0,0,
25,0061,LE04,475,198,98,39,114,24,225,143,81,265,188,0,0,0,0,0,0,0,0,0,0,246,189,263,168,0,0,
25,0062,LE05,461,220,90,31,105,27,190,114,129,244,204,0,0,0,0,0,0,0,0,0,0,210,217,289,136,0,0,
25,0063,LE06,655,0,0,0,0,50,263,198,138,378,257,0,0,0,0,0,0,152,488,0,0,337,274,355,253,0,0,
25,0064,LE06S,0,0,0,0,0,0,0,0,0,0,0,0,0,0,0,0,0,0,0,0,0,0,0,0,0,0,0,
25,0065,LE07,378,0,0,0,0,13,134,112,118,188,176,0,0,0,0,0,0,179,190,0,0,175,172,203,136,0,0,
25,0066,LE08,639,243,139,82,149,54,290,175,118,342,279,0,0,0,0,0,0,0,0,0,0,303,289,354,238,0,0,
25,0067,LE09,404,0,0,0,0,42,175,120,65,217,171,0,0,0,0,0,0,135,261,0,0,194,176,218,145,0,0,
25,0068,LE10,910,0,0,0,0,68,466,235,136,495,383,0,0,0,0,0,0,374,517,0,0,444,384,503,338,0,0,
25,0069,LE11,570,210,128,61,133,42,217,177,133,308,233,0,0,0,0,0,0,0,0,0,0,286,224,321,197,0,0,
25,0070,LE12,777,0,0,0,0,50,371,207,148,390,361,0,0,0,0,0,0,0,0,0,0,372,344,496,223,0,0,
25,0071,LE13,425,195,84,55,65,29,148,159,88,230,170,0,0,0,0,0,0,0,0,0,0,217,168,228,151,0,0,
25,0072,LE14,283,104,66,35,73,25,108,88,56,147,125,0,0,0,0,0,0,0,0,0,0,138,117,150,108,0,0,
25,0073,LE15,381,0,0,0,0,23,154,115,87,189,183,0,0,0,0,0,0,0,0,0,0,204,146,222,128,0,0,
25,0074,LE16,399,0,0,0,0,23,212,81,82,244,145,0,0,0,0,0,0,142,249,0,0,189,182,229,137,0,0,
25,0075,LE17,430,0,0,0,0,23,205,124,76,247,169,0,0,0,0,0,0,148,276,0,0,222,165,256,133,0,0,
25,0076,LE18,303,0,0,0,0,21,122,98,60,172,122,0,0,0,0,0,0,0,0,0,0,152,119,158,113,0,0,
25,0077,LE19,707,298,154,65,140,48,303,205,149,385,289,0,0,0,0,0,0,0,0,0,0,303,326,408,219,0,0,
25,0078,LE20,336,0,0,0,0,16,119,139,60,161,154,0,0,0,0,0,0,0,0,0,0,176,124,197,106,0,0,
25,0079,LE21,0,0,0,0,0,0,0,0,0,0,0,0,0,0,0,0,0,0,0,0,0,0,0,0,0,0,0,
25,0080,LE22,308,124,75,33,72,19,125,88,74,180,117,0,0,0,0,0,0,0,0,0,0,159,125,180,106,0,0,
25,0081,LE23,382,146,76,41,103,28,161,108,82,199,174,0,0,0,0,0,0,0,0,0,0,199,152,230,118,0,0,
25,0082,LE24,409,213,74,47,62,28,154,161,65,219,184,0,0,0,0,0,0,0,0,0,0,225,162,211,171,0,0,
25,0083,LE25,390,0,0,0,0,13,151,151,72,190,184,0,0,0,0,0,0,0,0,0,0,176,174,200,138,0,0,
25,0084,LE26,558,229,110,65,114,25,246,180,104,332,202,0,0,0,0,0,0,0,0,0,0,285,224,313,187,0,0,
25,0085,LI01,864,0,0,0,0,64,375,223,192,494,344,0,0,0,0,0,0,0,0,0,0,467,316,481,309,0,0,
25,0086,LI02,304,0,0,0,0,20,159,75,47,164,133,0,0,0,0,0,0,0,0,0,0,174,107,155,130,0,0,
25,0087,LI03,304,0,0,0,0,12,148,89,53,145,147,0,0,0,0,0,0,0,0,155,139,184,101,163,119,0,0,
25,0088,LI04,553,0,0,0,0,18,317,147,68,274,255,0,0,0,0,0,0,0,0,251,276,294,206,306,186,0,0,
25,0089,LI05,553,0,0,0,0,38,257,128,126,320,220,0,0,0,0,0,0,0,0,0,0,286,222,329,172,0,0,
25,0090,LI06,471,0,0,0,0,35,232,133,67,259,199,0,0,0,0,0,0,0,0,222,227,266,164,258,166,0,0,
25,0091,MA01,542,0,0,0,0,30,293,138,78,281,244,0,0,0,0,0,0,0,0,0,0,307,190,312,183,254,248,
25,0092,MA02,711,0,0,0,0,42,333,176,156,325,352,0,0,0,0,0,0,0,0,0,0,380,261,373,269,283,368,
25,0093,MA03,657,0,0,0,0,36,296,157,163,334,309,0,0,0,0,0,0,0,0,0,0,366,240,396,213,258,359,
25,0094,MA04,532,0,0,0,0,55,216,153,100,271,242,0,0,0,0,0,0,0,0,0,0,268,208,328,152,214,265,
25,0095,MA05,436,0,0,0,0,28,188,101,117,237,184,0,0,0,0,0,0,0,0,0,0,218,165,278,111,194,195,
25,0096,MA06,46,0,0,0,0,0,21,13,10,24,19,0,0,0,0,0,0,0,0,0,0,23,19,26,15,16,26,
25,0097,OR01,425,0,0,0,0,26,194,122,80,213,202,0,0,0,0,0,0,0,0,0,0,222,176,244,149,0,0,
25,0098,OR02,183,0,0,0,0,6,93,43,40,98,82,0,0,0,0,0,0,0,0,0,0,111,66,110,67,0,0,
25,0099,OR03,460,0,0,0,0,28,244,112,70,266,183,0,0,0,0,0,0,0,0,201,252,250,173,256,169,0,0,
25,0100,OR04,284,0,0,0,0,31,102,93,57,130,142,0,0,0,0,0,0,0,0,0,0,152,122,158,115,0,0,
25,0101,OR05,636,0,0,0,0,39,305,170,120,292,331,320,298,0,0,0,0,0,0,0,0,330,267,365,225,0,0,
25,0102,OR06,339,0,0,0,0,22,160,109,47,159,175,0,0,0,0,0,0,0,0,0,0,183,138,206,121,0,0,
25,0103,OR07,455,0,0,0,0,28,256,101,67,168,274,227,199,0,0,0,0,0,0,0,0,221,181,255,148,0,0,
25,0104,OR08,246,0,0,0,0,26,74,92,50,91,149,0,0,0,0,0,0,0,0,0,0,94,138,135,100,0,0,
25,0105,OR09,197,0,0,0,0,22,81,67,27,104,85,97,95,0,0,0,0,0,0,0,0,81,97,117,65,94,86,
25,0106,OR10,248,0,0,0,0,27,129,63,28,123,121,0,0,0,0,0,0,0,0,0,0,123,108,167,74,0,0,
25,0107,OR11,513,0,0,0,0,26,226,140,120,258,235,0,0,329,175,0,0,0,0,0,0,247,220,312,155,245,224,
25,0108,OR12,139,0,0,0,0,14,42,39,41,76,57,0,0,80,55,0,0,0,0,0,0,66,63,75,57,0,0,
25,0109,OR13,252,0,0,0,0,20,94,97,38,126,118,0,0,179,66,0,0,0,0,0,0,117,120,146,87,0,0,
25,0110,OR14,111,0,0,0,0,15,38,33,23,60,46,0,0,0,0,0,0,0,0,0,0,55,50,70,33,0,0,
25,0111,OR15,302,0,0,0,0,32,122,93,52,149,142,0,0,0,0,0,0,0,0,0,0,158,118,149,129,0,0,
25,0112,OR16,299,0,0,0,0,16,166,72,44,161,135,0,0,0,0,0,0,0,0,0,0,168,117,195,93,0,0,
25,0113,OR17,324,0,0,0,0,41,136,101,44,151,158,0,0,0,0,0,0,0,0,0,0,188,120,168,141,0,0,
25,0114,OR18,228,0,0,0,0,20,92,76,38,102,120,0,0,0,0,0,0,0,0,0,0,129,82,123,90,0,0,
25,0115,OR19,369,0,0,0,0,30,185,97,54,194,169,230,128,0,0,0,0,0,0,173,192,178,161,211,131,0,0,
25,0116,OR20,409,0,0,0,0,21,196,138,53,219,171,0,0,0,0,0,0,0,0,0,0,232,149,195,187,0,0,
25,0117,OR21,354,0,0,0,0,40,142,90,79,193,152,0,0,0,0,0,0,0,0,0,0,186,149,214,124,0,0,
25,0118,OR22,505,0,0,0,0,33,220,150,96,271,221,0,0,0,0,0,0,0,0,0,0,283,190,280,202,0,0,
25,0119,OR23,462,0,0,0,0,24,255,116,65,244,207,0,0,0,0,0,0,0,0,0,0,244,195,262,177,0,0,
25,0120,OR24,488,0,0,0,0,35,221,158,68,256,218,0,0,0,0,0,0,0,0,100,382,257,196,271,179,0,0,
25,0121,OR25,282,0,0,0,0,32,131,77,40,126,152,0,0,0,0,0,0,0,0,0,0,149,112,150,112,0,0,
25,0122,OR26,283,0,0,0,0,24,132,73,53,155,121,0,0,0,0,0,0,0,0,0,0,174,95,165,109,0,0,
25,0123,OR27,368,0,0,0,0,23,180,103,60,211,153,0,0,0,0,0,0,0,0,0,0,176,173,214,133,0,0,
25,0124,OR28,359,0,0,0,0,39,143,113,60,184,167,0,0,0,0,0,0,0,0,0,0,160,181,199,141,0,0,
25,0125,OR29,528,0,0,0,0,34,282,132,79,270,237,0,0,0,0,0,0,0,0,0,0,301,182,294,191,0,0,
25,0126,OR30,457,0,0,0,0,24,197,153,80,207,230,228,208,0,0,0,0,0,0,242,209,262,149,201,202,0,0,
25,0127,OR31,390,0,0,0,0,33,180,122,53,175,205,213,166,0,0,0,0,0,0,0,0,204,167,194,177,0,0,
25,0128,OR32,363,0,0,0,0,33,168,110,50,206,151,175,178,0,0,0,0,0,0,160,194,204,136,193,148,0,0,
25,0129,OR33,19,0,0,0,0,0,12,5,2,14,4,9,8,0,0,0,0,0,0,9,10,9,6,10,6,9,6,
25,0130,OR34,206,0,0,0,0,11,86,71,33,104,96,0,0,0,0,0,0,0,0,0,0,93,92,122,68,0,0,
25,0131,OR35,291,0,0,0,0,35,103,100,52,136,148,0,0,0,0,0,0,0,0,0,0,143,119,156,114,0,0,
25,0132,OR36,350,0,0,0,0,16,179,106,47,203,140,0,0,0,0,0,0,0,0,130,208,215,112,180,149,0,0,
25,0133,OR37,265,0,0,0,0,21,126,85,31,144,114,0,0,161,90,0,0,0,0,0,0,139,101,145,100,122,122,
25,0134,OR38,368,0,0,0,0,27,156,117,65,191,159,0,0,0,0,0,0,0,0,0,0,205,138,190,149,0,0,
25,0135,OR39,171,0,0,0,0,7,93,36,35,99,66,0,0,0,0,0,0,0,0,0,0,96,65,91,73,0,0,
25,0136,OR40,307,0,0,0,0,28,124,101,53,192,111,0,0,0,0,0,0,0,0,0,0,159,125,175,109,0,0,
25,0137,OR41,280,0,0,0,0,19,129,78,53,164,107,0,0,0,0,0,0,0,0,0,0,155,112,174,96,0,0,
25,0138,OR42,221,0,0,0,0,9,97,76,39,120,90,0,0,0,0,0,0,0,0,0,0,115,91,131,76,0,0,
25,0139,OR42S,35,0,0,0,0,2,13,11,9,19,14,0,0,0,0,0,0,0,0,0,0,15,16,20,12,0,0,
25,0140,OR43,411,0,0,0,0,54,195,107,53,228,174,0,0,0,0,0,0,0,0,0,0,212,159,220,158,0,0,
25,0141,OR44,270,0,0,0,0,23,135,74,38,149,111,0,0,0,0,0,0,0,0,0,0,152,106,140,118,0,0,
25,0142,OR45,278,0,0,0,0,25,117,84,49,153,118,174,94,0,0,0,0,0,0,0,0,148,107,144,110,0,0,
25,0143,OR46,313,0,0,0,0,17,125,111,57,158,149,0,0,0,0,0,0,0,0,0,0,194,105,178,118,0,0,
25,0144,OR47,454,0,0,0,0,31,192,147,83,229,207,0,0,275,163,0,0,0,0,0,0,223,199,272,151,0,0,
25,0145,OR47S,4,0,0,0,0,0,3,0,1,2,2,0,0,1,3,0,0,0,0,0,0,4,0,1,3,3,1,
25,0146,OR48,135,0,0,0,0,3,71,48,12,73,53,0,0,0,0,0,0,0,0,57,78,57,60,71,44,0,0,
25,0147,OR49,334,0,0,0,0,31,152,96,51,152,174,183,136,0,0,0,0,0,0,0,0,158,145,186,124,0,0,
25,0148,OR50,334,0,0,0,0,12,189,100,32,174,149,0,0,0,0,0,0,0,0,137,174,179,128,196,108,0,0,
25,0149,PA01,570,0,0,0,0,47,257,151,114,318,240,0,0,0,0,0,0,0,0,0,0,300,224,313,225,0,0,
25,0150,PA02,651,0,0,0,0,48,305,147,145,346,280,0,0,0,0,0,0,0,0,0,0,349,252,352,242,0,0,
25,0151,PA03,471,0,0,0,0,37,191,137,102,237,220,0,0,0,0,0,0,0,0,0,0,285,160,257,195,0,0,
25,0152,PA04,445,0,0,0,0,43,208,101,89,239,194,0,0,0,0,0,0,0,0,0,0,257,168,247,178,0,0,
25,0153,PA05,240,0,0,0,0,25,83,68,64,119,117,0,0,0,0,0,0,0,0,0,0,158,69,132,91,0,0,
25,0154,PA06,635,310,120,72,114,43,256,149,186,362,259,0,0,0,0,0,0,0,0,0,0,354,250,399,214,0,0,
25,0155,PA07,580,0,0,0,0,32,272,146,128,312,257,0,0,0,0,0,0,0,0,0,0,301,248,340,203,0,0,
25,0156,PA08,334,0,0,0,0,17,159,82,74,181,141,0,0,0,0,0,0,0,0,0,0,187,127,173,142,0,0,
25,0157,PG01,579,0,0,0,0,31,304,123,114,312,246,0,0,0,0,0,0,0,0,0,0,303,227,317,214,0,0,
25,0158,PG01S,82,0,0,0,0,3,30,35,13,29,52,0,0,0,0,0,0,0,0,0,0,41,35,48,29,0,0,
25,0159,PG02,310,0,0,0,0,26,125,73,81,164,137,0,0,0,0,0,0,0,0,0,0,170,119,181,110,0,0,
25,0160,PG03,559,0,0,0,0,32,281,146,97,321,225,0,0,0,0,0,0,0,0,0,0,300,218,256,266,0,0,
25,0161,PG04,482,0,0,0,0,41,205,152,84,241,217,0,0,0,0,0,0,0,0,0,0,254,193,257,189,0,0,
25,0162,PG05,190,0,0,0,0,20,67,69,34,90,91,0,0,0,0,0,0,0,0,0,0,92,74,103,63,0,0,
25,0163,PG05S,27,0,0,0,0,1,7,13,6,12,13,0,0,0,0,0,0,0,0,0,0,21,4,8,17,0,0,
25,0164,PG06,627,0,0,0,0,39,280,165,139,347,259,0,0,0,0,0,0,0,0,0,0,362,216,322,248,0,0,
25,0165,PG07,446,0,0,0,0,32,187,161,64,227,202,0,0,0,0,0,0,0,0,0,0,195,214,230,177,0,0,
25,0166,PG08,476,0,0,0,0,34,195,155,91,226,234,0,0,0,0,0,0,0,0,0,0,225,213,273,165,0,0,
25,0167,PG09,670,0,0,0,0,31,309,151,173,329,318,0,0,0,0,0,0,0,0,0,0,293,332,408,213,0,0,
25,0168,PG10,390,0,0,0,0,24,138,140,86,212,159,0,0,0,0,0,0,0,0,0,0,220,147,197,163,0,0,
25,0169,PG11,612,0,0,0,0,29,329,141,105,365,232,0,0,0,0,0,0,0,0,0,0,343,218,336,233,0,0,
25,0170,PG12,409,0,0,0,0,22,162,134,91,190,203,0,0,0,0,0,0,0,0,0,0,217,169,205,175,0,0,
25,0171,PG13,343,0,0,0,0,32,136,115,57,185,147,0,0,0,0,0,0,0,0,0,0,207,108,180,139,0,0,
25,0172,PG14,612,0,0,0,0,30,305,138,132,334,258,0,0,0,0,0,0,0,0,0,0,275,287,355,208,0,0,
25,0173,PR01,182,0,0,0,0,14,68,70,28,91,87,0,0,0,0,0,0,0,0,0,0,91,83,90,83,102,71,
25,0174,PR02,229,0,0,0,0,21,96,85,25,124,100,129,96,0,0,0,0,0,0,0,0,122,95,134,83,117,99,
25,0175,PR03,387,0,0,0,0,24,179,139,42,181,189,196,166,0,0,0,0,0,0,0,0,210,138,197,154,192,155,
25,0176,PR04,251,0,0,0,0,20,113,91,26,114,130,129,106,0,0,0,0,0,0,0,0,125,108,124,109,132,97,
25,0177,PR05,250,0,0,0,0,19,109,88,33,115,130,127,109,0,0,0,0,0,0,0,0,140,93,131,101,137,90,
25,0178,PR06,125,0,0,0,0,10,53,50,12,53,69,53,68,0,0,0,0,0,0,0,0,62,54,57,60,60,57,
25,0179,PR07,171,0,0,0,0,21,64,62,23,81,84,80,82,0,0,0,0,0,0,0,0,80,75,79,77,92,64,
25,0180,PR08,46,0,0,0,0,2,24,12,8,26,19,24,19,0,0,0,0,0,0,0,0,21,21,19,24,15,28,
25,0181,PR09,157,0,0,0,0,15,64,56,20,75,78,68,80,0,0,0,0,0,0,0,0,77,66,92,50,79,63,
25,0182,PR10,190,0,0,0,0,12,77,73,27,92,91,96,82,0,0,0,0,0,0,0,0,87,84,90,76,102,70,
25,0183,PR11,253,0,0,0,0,13,125,88,24,127,120,129,116,0,0,0,0,0,0,0,0,153,88,134,108,121,121,
25,0184,PR12,232,0,0,0,0,14,97,93,25,90,130,123,98,0,0,0,0,0,0,0,0,114,96,112,101,117,102,
25,0185,PR13,495,0,0,0,0,24,256,141,71,265,203,0,0,239,245,0,0,0,0,0,0,239,203,282,167,247,204,
25,0186,PR14,166,0,0,0,0,12,70,65,18,77,85,77,81,0,0,0,0,0,0,0,0,86,70,83,73,90,64,
25,0187,PR15,615,0,0,0,0,40,307,170,93,340,257,323,274,0,0,0,0,0,0,308,276,314,258,330,242,0,0,
25,0188,PR16,451,0,0,0,0,29,224,148,44,214,225,236,206,0,0,0,0,0,0,251,181,232,178,235,186,0,0,
25,0189,PR17,406,0,0,0,0,28,178,122,76,221,172,0,0,0,0,0,0,0,0,0,0,219,164,224,154,207,165,
25,0190,PR18,519,0,0,0,0,50,202,159,103,266,238,0,0,324,186,0,0,0,0,0,0,282,216,295,196,291,196,
25,0191,PR19,371,0,0,0,0,31,159,120,60,194,165,0,0,263,100,0,0,0,0,0,0,172,171,190,153,179,164,
25,0192,PR20,367,0,0,0,0,18,166,105,76,181,171,0,0,299,62,0,0,0,0,0,0,170,165,212,129,166,174,
25,0193,PR21,209,0,0,0,0,12,72,88,36,107,94,0,0,136,65,0,0,0,0,0,0,117,81,99,102,113,83,
25,0194,PR22,65,0,0,0,0,5,27,19,12,33,29,27,33,45,17,0,0,0,0,0,0,32,25,38,23,36,24,
25,0195,PR23,263,0,0,0,0,20,96,92,53,128,123,0,0,152,104,0,0,0,0,0,0,137,112,164,86,137,110,
25,0196,PR24,355,0,0,0,0,26,160,113,56,163,177,0,0,244,102,0,0,0,0,0,0,179,146,185,141,172,155,
25,0197,PR25,414,0,0,0,0,37,208,108,58,201,203,0,0,209,203,0,0,0,0,0,0,186,206,256,139,202,187,
25,0198,PR26,351,0,0,0,0,17,142,127,62,159,180,189,149,0,0,0,0,0,0,178,156,201,123,195,126,143,181,
25,0199,PR27,476,0,0,0,0,39,225,144,64,253,208,0,0,311,143,0,0,0,0,0,0,257,186,283,160,211,234,
25,0200,PR28,157,0,0,0,0,13,72,43,27,79,72,81,71,0,0,0,0,0,0,73,75,83,63,90,55,88,53,
25,0201,PR29,60,0,0,0,0,3,21,27,9,20,33,19,34,0,0,0,0,0,0,31,20,21,31,31,20,32,22,
25,0202,PR30,367,0,0,0,0,33,131,154,45,184,158,200,142,0,0,0,0,0,0,178,163,178,147,180,145,169,154,
25,0203,PR31,506,0,0,0,0,27,247,171,58,274,220,0,0,317,177,0,0,0,0,0,0,269,204,307,170,238,240,
25,0204,PR32,358,0,0,0,0,19,193,93,50,163,182,216,130,0,0,0,0,0,0,211,126,180,139,172,147,144,178,
25,0205,PR33,135,0,0,0,0,9,76,44,6,68,62,68,56,0,0,0,0,0,0,0,0,65,60,78,46,72,58,
25,0206,PR34,99,0,0,0,0,8,44,37,10,56,42,49,47,0,0,0,0,0,0,0,0,42,49,60,30,52,40,
25,0207,PR35,348,0,0,0,0,24,154,105,63,180,159,157,176,209,126,0,0,0,0,0,0,192,135,212,119,185,142,
25,0208,PR36,606,0,0,0,0,23,283,227,69,255,326,348,234,0,0,0,0,0,0,0,0,351,207,320,246,247,324,
25,0209,PR37,358,0,0,0,0,19,175,121,40,187,161,201,152,0,0,0,0,0,0,174,177,209,129,210,129,145,197,
25,0210,PR38,267,0,0,0,0,10,121,73,60,114,147,121,139,0,0,0,0,0,0,0,0,101,143,174,79,128,124,
25,0211,PR39,505,0,0,0,0,26,240,164,73,271,213,290,197,0,0,0,0,0,0,294,198,259,210,289,180,219,260,
25,0212,PR40,377,0,0,0,0,32,173,128,41,214,154,202,168,0,0,0,0,0,0,195,164,190,162,198,156,174,171,
25,0213,PR41,422,0,0,0,0,35,180,122,75,231,179,243,172,0,0,0,0,0,0,221,189,193,193,223,167,0,0,
25,0214,PR42,485,0,0,0,0,24,225,158,77,225,244,279,176,0,0,0,0,0,0,264,201,257,191,271,179,0,0,
25,0215,PR43,181,0,0,0,0,16,59,66,40,87,89,94,75,0,0,0,0,0,0,0,0,107,58,105,66,104,66,
25,0216,PR44,204,0,0,0,0,21,66,83,34,108,89,0,0,0,0,0,0,0,0,0,0,111,82,95,94,113,80,
25,0217,PR45,419,0,0,0,0,20,178,149,65,200,196,229,167,0,0,0,0,0,0,0,0,212,166,214,173,207,172,
25,0218,SA01,91,0,0,0,0,8,46,16,20,44,42,0,0,0,0,0,0,0,0,0,0,51,30,52,31,37,49,
25,0219,SA02,1074,0,0,0,0,99,553,204,214,632,393,0,0,0,0,677,338,0,0,0,0,606,371,553,436,0,0,
25,0220,SA03,687,0,0,0,0,60,346,150,127,368,305,0,0,0,0,392,266,0,0,0,0,408,233,341,299,0,0,
25,0221,SA04,294,0,0,0,0,19,145,61,64,150,129,0,0,0,0,127,141,0,0,0,0,151,107,157,110,120,155,
25,0222,SA05,107,0,0,0,0,8,34,32,32,58,48,0,0,0,0,0,0,0,0,0,0,54,53,69,37,0,0,
25,0223,SF01,218,0,0,0,0,19,94,52,52,126,86,0,0,0,0,135,70,0,0,0,0,143,63,99,105,75,136,
25,0224,SF02,352,0,0,0,0,30,184,80,55,193,150,0,0,0,0,213,118,0,0,0,0,201,120,189,144,120,222,
25,0225,SF03,300,0,0,0,0,26,109,104,61,140,152,0,0,0,0,182,100,0,0,0,0,191,90,147,136,117,171,
25,0226,SF04,394,0,0,0,0,26,185,95,86,216,161,0,0,0,0,0,0,0,0,0,0,245,121,225,143,199,174,
25,0227,SF05,381,0,0,0,0,33,129,118,97,204,167,0,0,0,0,215,147,0,0,0,0,241,117,198,158,151,215,
25,0228,SF06,331,0,0,0,0,22,168,76,64,188,130,0,0,0,0,190,125,0,0,0,0,184,127,180,135,82,237,
25,0229,SF07,133,65,28,14,21,12,62,32,25,74,56,0,0,0,0,78,45,0,0,0,0,99,28,77,50,0,0,
25,0230,SF07S,3,0,0,3,0,0,1,1,1,2,1,0,0,0,0,0,0,0,0,0,0,3,0,1,2,0,0,
25,0231,SF08,722,0,0,0,0,39,428,130,123,385,310,0,0,0,0,386,278,0,0,0,0,459,205,386,292,283,397,
25,0232,SF09,794,0,0,0,0,43,413,188,150,434,341,0,0,0,0,0,0,0,0,0,0,435,308,470,272,312,440,
25,0233,SF10,298,0,0,0,0,19,143,80,54,154,132,0,0,0,0,165,110,0,0,0,0,191,86,148,126,102,182,
25,0234,SF11,636,0,0,0,0,34,374,128,98,373,229,0,0,0,0,369,205,0,0,0,0,373,196,356,230,207,389,
25,0235,SF12,376,0,0,0,0,42,199,64,66,209,165,0,0,0,0,237,128,0,0,0,0,249,116,198,164,143,225,
25,0236,SF13,483,0,0,0,0,42,253,106,80,269,193,0,0,0,0,300,155,0,0,0,0,265,183,283,162,145,313,
25,0237,SF14,299,0,0,0,0,25,151,49,73,171,124,0,0,0,0,0,0,0,0,0,0,186,90,179,102,177,110,
25,0238,SF15,562,0,0,0,0,45,252,143,119,288,248,0,0,0,0,313,200,0,0,0,0,332,185,387,137,262,265,
25,0239,SF16,600,0,0,0,0,47,309,137,106,340,237,0,0,0,0,345,217,0,0,0,0,415,145,339,223,259,310,
25,0240,SF17,394,0,0,0,0,37,187,105,65,200,176,0,0,0,0,0,0,0,0,0,0,220,150,254,118,162,215,
25,0241,SP01,359,0,0,0,0,27,164,97,69,186,166,0,0,0,0,0,0,0,0,0,0,191,155,184,161,157,184,
25,0242,SP02,154,0,0,0,0,10,73,37,34,80,62,0,0,0,0,0,0,0,0,0,0,72,59,80,56,60,66,
25,0243,SP03,31,0,0,0,0,1,17,6,7,18,11,0,0,0,0,0,0,0,0,0,0,16,13,19,10,10,19,
25,0244,SP04,342,0,0,0,0,23,137,108,72,189,139,0,0,0,0,0,0,0,0,0,0,178,129,188,116,154,155,
25,0245,SP05,360,0,0,0,0,30,161,95,73,191,155,0,0,0,0,0,0,0,0,0,0,197,134,162,166,149,175,
25,0246,SP06,476,0,0,0,0,27,231,133,83,238,221,0,0,0,0,0,0,0,0,0,0,255,177,245,187,203,235,
25,0247,SP07,754,0,0,0,0,28,361,213,143,379,333,0,0,0,0,0,0,0,0,0,0,386,290,401,276,336,344,
25,0248,SP08,308,0,0,0,0,26,116,85,80,154,146,0,0,0,0,0,0,0,0,0,0,175,111,133,159,128,159,
25,0249,SP09,457,0,0,0,0,38,188,111,119,245,199,0,0,0,0,0,0,0,0,0,0,261,178,245,193,192,248,
25,0250,SP10,366,0,0,0,0,20,165,105,74,196,166,0,0,0,0,0,0,0,0,0,0,209,142,166,174,153,197,
25,0251,SP11,449,0,0,0,0,29,179,149,90,227,199,0,0,0,0,0,0,0,0,0,0,244,164,206,201,229,186,
25,0252,SP12,342,0,0,0,0,26,133,108,73,162,165,0,0,0,0,0,0,0,0,0,0,191,118,179,132,145,167,
25,0253,SP13,189,0,0,0,0,6,90,48,44,90,89,0,0,0,0,0,0,0,0,0,0,109,60,85,85,94,82,
25,0254,SP14,390,0,0,0,0,31,166,118,74,207,173,0,0,0,0,0,0,0,0,0,0,237,129,196,172,154,208,
25,0255,SP15,226,0,0,0,0,11,113,67,33,123,94,0,0,0,0,0,0,0,0,0,0,122,83,126,81,123,83,
25,0256,SP16,264,0,0,0,0,25,104,62,71,119,137,0,0,0,0,0,0,0,0,0,0,131,116,141,105,128,119,
25,0257,SP17,107,36,28,14,22,5,43,37,21,55,49,0,0,0,0,0,0,0,0,0,0,63,38,58,44,0,0,
25,0258,SP18,195,0,0,0,0,16,85,55,38,90,100,0,0,0,0,0,0,0,0,0,0,107,80,110,75,99,84,
25,0259,SQ01,527,225,127,61,94,39,220,97,164,315,196,0,0,0,0,0,0,0,0,0,0,281,222,311,192,0,0,
25,0260,SQ02,813,372,171,90,145,72,311,191,235,462,330,0,0,0,0,0,0,0,0,0,0,424,335,478,274,0,0,
25,0261,SQ03,494,0,0,0,0,41,182,110,160,282,199,0,0,0,0,0,0,0,0,0,0,252,214,293,168,0,0,
25,0262,SQ04,209,0,0,0,0,12,92,44,60,114,93,0,0,0,0,0,0,0,0,0,0,110,92,116,86,0,0,
25,0263,SR01,644,278,148,77,124,35,291,164,153,346,277,0,0,0,0,0,0,0,0,0,0,312,281,407,188,0,0,
25,0264,SR02,478,212,109,37,96,31,186,159,102,264,196,0,0,0,0,0,0,0,0,0,0,222,210,260,175,0,0,
25,0265,SR03,542,228,139,62,93,32,219,161,123,329,186,0,0,0,0,0,0,0,0,0,0,244,250,318,184,0,0,
25,0266,SR04,269,113,50,39,58,22,97,89,59,144,117,0,0,0,0,0,0,0,0,0,0,141,117,139,118,0,0,
25,0267,SR05,440,181,105,46,89,36,162,151,90,248,180,0,0,0,0,0,0,0,0,0,0,225,191,269,143,0,0,
25,0268,SR06,527,189,138,72,102,47,232,156,90,272,229,0,0,0,0,0,0,0,0,0,0,259,219,288,181,0,0,
25,0269,SR07,571,269,177,34,78,37,178,192,162,318,235,0,0,0,0,0,0,0,0,0,0,220,310,365,159,0,0,
25,0270,SR08,429,227,89,35,69,40,143,127,117,222,196,0,0,0,0,0,0,0,0,0,0,177,220,268,136,0,0,
25,0271,SR09,538,259,134,37,95,27,199,162,147,316,208,0,0,0,0,0,0,0,0,0,0,242,262,344,161,0,0,
25,0272,SR10,522,270,134,28,82,36,157,145,179,251,256,0,0,0,0,0,0,0,0,0,0,222,264,322,165,0,0,
25,0273,UCBE1,0,0,0,0,0,0,0,0,0,0,0,0,0,0,0,0,0,0,0,0,0,0,0,0,0,0,0,
25,0274,UCBE2,22,0,0,0,0,3,13,2,4,11,11,0,0,0,0,0,0,0,0,0,0,12,8,9,11,0,0,
25,0275,UCCB1,81,0,0,0,0,4,43,19,15,36,43,0,0,0,0,0,0,0,0,0,0,49,26,61,17,42,39,
25,0276,UCCF1,0,0,0,0,0,0,0,0,0,0,0,0,0,0,0,0,0,0,0,0,0,0,0,0,0,0,0,
25,0277,UCCF2,0,0,0,0,0,0,0,0,0,0,0,0,0,0,0,0,0,0,0,0,0,0,0,0,0,0,0,
25,0278,UCEL1,43,14,5,14,9,1,25,3,14,21,21,0,0,0,0,0,0,0,0,0,0,23,19,27,16,0,0,
25,0279,UCEL2,37,20,3,4,9,3,11,8,15,23,14,0,0,0,0,0,0,0,0,0,0,15,22,22,14,0,0,
25,0280,UCFF,4,2,0,0,1,0,1,1,2,3,0,0,0,0,0,0,0,0,0,0,0,1,2,2,1,0,0,
25,0281,UCLS1,362,145,76,51,78,32,175,70,83,208,144,0,0,0,0,192,154,0,0,0,0,252,86,193,161,0,0,
25,0282,UCLS2,137,50,38,24,18,7,61,39,29,78,57,0,0,0,0,0,0,0,0,0,0,95,35,60,76,0,0,
25,0283,UCLV,0,0,0,0,0,0,0,0,0,0,0,0,0,0,0,0,0,0,0,0,0,0,0,0,0,0,0,
25,0284,UCPC1,63,0,0,0,0,2,21,24,15,27,35,39,23,0,0,0,0,0,0,35,26,25,33,43,18,0,0,
25,0285,UCPC2,38,0,0,0,0,5,12,18,3,14,21,21,14,0,0,0,0,0,0,0,0,17,17,19,16,0,0,
25,0286,UCSL,134,0,0,0,0,10,46,35,41,73,61,0,0,0,0,0,0,0,0,0,0,88,39,75,56,0,0,
25,0287,UCUL1,0,0,0,0,0,0,0,0,0,0,0,0,0,0,0,0,0,0,0,0,0,0,0,0,0,0,0,
25,0288,UCUL2,0,0,0,0,0,0,0,0,0,0,0,0,0,0,0,0,0,0,0,0,0,0,0,0,0,0,0,
25,0289,VI01,934,0,0,0,0,58,393,318,161,553,342,0,0,0,0,0,0,0,0,0,0,503,352,516,335,0,0,
25,0290,VI01S,40,0,0,0,0,3,21,11,5,18,22,0,0,0,0,0,0,0,0,0,0,23,17,27,13,0,0,
25,0291,VI01S2,24,0,0,0,0,1,16,2,4,11,13,0,0,0,0,0,0,0,0,0,0,9,13,17,5,0,0,
25,0292,VI01UL,0,0,0,0,0,0,0,0,0,0,0,0,0,0,0,0,0,0,0,0,0,0,0,0,0,0,0,
25,0293,VI02,139,0,0,0,0,8,47,49,34,64,74,0,0,0,0,0,0,0,0,0,0,79,53,82,50,0,0,
25,0294,WH01,489,0,0,0,0,38,260,96,90,238,233,0,0,0,0,159,319,0,0,0,0,223,224,258,196,0,0,
25,ZZZ,COUNTY TOTALS,107069,8213,4407,1987,3708,7420,47588,30365,21067,56361,47149,6719,5448,3773,2082,4687,3121,3532,4984,4250,4293,55674,43084,59868,39088,12978,14094,